--
-- Script was generated by Devart dbForge Studio for MySQL, Version 8.0.40.0
-- Product Home Page: http://www.devart.com/dbforge/mysql/studio
-- Script date 10/11/2023 22:56:41
-- Target server version: 5.5.5-10.1.40-MariaDB
-- Target connection string: User Id=root;Host=localhost;Database=alquiler_portatiles;Character Set=utf8
--



SET NAMES 'utf8';
USE alquiler_portatiles;
--
-- Delete data from the table 'aplicaciones_instaladas'
--
TRUNCATE TABLE aplicaciones_instaladas;
--
-- Delete data from the table 'alumnos'
--
TRUNCATE TABLE alumnos;
--
-- Delete data from the table 'portatiles'
--
DELETE FROM portatiles;
--
-- Delete data from the table 'ratones'
--
DELETE FROM ratones;
--
-- Delete data from the table 'cargadores'
--
DELETE FROM cargadores;
--
-- Delete data from the table 'almacenes'
--
DELETE FROM almacenes;

--
-- Inserting data into table almacenes
--
INSERT INTO almacenes(id_almacen, aula, capacidad) VALUES
(27, '804I', 3),
(30, '613A', 53),
(29, '228N', 7),
(19, '330M', 7),
(24, '634W', 42),
(12, '300Q', 48),
(7, '022Q', 36),
(9, '747N', 56),
(28, '029S', 44),
(16, '963Q', 1),
(25, '217L', 55),
(22, '874S', 5),
(4, '872V', 4),
(13, '208U', 23),
(10, '115A', 35),
(1, '438T', 13),
(14, '167F', 24),
(20, '341U', 45),
(26, '140H', 10),
(5, '109F', 23),
(11, '345L', 31),
(8, '970D', 55),
(23, '733U', 25),
(17, '095B', 57),
(2, '881J', 38),
(6, '126V', 1),
(21, '687D', 4),
(18, '945D', 15),
(15, '983E', 20),
(3, '182F', 53);

--
-- Inserting data into table cargadores
--
INSERT INTO cargadores(id_cargador, codigo, potencia, estado_alquiler, id_almacen) VALUES
(19, '116M', 683, 'Averiado', 13),
(16, '501H', 741, 'Disponible', 3),
(2, '485Y', 640, 'Alquilado', 25),
(30, '538U', 1000, 'Averiado', 18),
(10, '338I', 748, 'Alquilado', 19),
(20, '726D', 835, 'Disponible', 19),
(17, '296U', 53, 'Averiado', 29),
(6, '622J', 938, 'Disponible', 26),
(29, '804B', 404, 'Alquilado', 30),
(3, '854F', 713, 'Alquilado', 3),
(21, '553C', 14, 'Averiado', 9),
(18, '060K', 251, 'Disponible', 17),
(7, '874C', 838, 'Alquilado', 25),
(24, '203F', 590, 'Averiado', 21),
(4, '551B', 989, 'Disponible', 15),
(14, '156I', 717, 'Alquilado', 23),
(15, '986Z', 243, 'Averiado', 6),
(1, '652W', 12, 'Disponible', 20),
(5, '286F', 243, 'Disponible', 23),
(11, '211D', 677, 'Averiado', 29),
(8, '303C', 131, 'Alquilado', 18),
(28, '923K', 139, 'Alquilado', 22),
(12, '014R', 452, 'Averiado', 6),
(9, '930O', 586, 'Disponible', 21),
(25, '439D', 675, 'Disponible', 4),
(22, '922W', 828, 'Averiado', 12),
(13, '544I', 545, 'Alquilado', 25),
(26, '712J', 217, 'Disponible', 14),
(23, '855K', 88, 'Alquilado', 14),
(27, '602N', 983, 'Averiado', 22);

--
-- Inserting data into table ratones
--
INSERT INTO ratones(id_raton, codigo, marca, modelo, tipo_conector, estado_alquiler, id_almacen) VALUES
(30, '674Q', 'Trust', 'X800', 'USB', 'Averiado', 7),
(4, '090Z', 'Equip', 'X300', 'USB', 'Alquilado', 9),
(1, '653T', 'Subblim', 'Easy Delta', 'PS/2', 'Disponible', 21),
(29, '614Y', 'Hama', 'Basics', 'PS/2', 'Averiado', 2),
(5, '660O', 'NGS', 'Basics', 'PS/2', 'Disponible', 27),
(15, '478C', 'HP', 'Flame', 'PS/2', 'Alquilado', 18),
(8, '607K', 'Logitech', 'Tick', 'USB', 'Averiado', 11),
(2, '619A', 'NGS', 'M30', 'USB', 'Alquilado', 29),
(22, '772Z', 'Logitech', 'M70', 'PS/2', 'Disponible', 22),
(26, '721L', 'Subblim', 'Business', 'USB', 'Averiado', 11),
(6, '210H', 'HP', 'Tick', 'PS/2', 'Disponible', 13),
(23, '286N', 'Trust', 'Mist', 'USB', 'Alquilado', 21),
(3, '995K', 'Hama', 'M50', 'USB', 'Alquilado', 9),
(27, '905U', 'Equip', 'Easy Delta', 'PS/2', 'Averiado', 25),
(7, '174P', 'Hama', 'Flame', 'USB', 'Disponible', 22),
(24, '510F', 'Equip', 'M8000', 'PS/2', 'Alquilado', 23),
(28, '581L', 'Subblim', 'Easy Delta', 'USB', 'Averiado', 2),
(25, '592I', 'NGS', 'MC-600', 'PS/2', 'Disponible', 17),
(12, '564V', 'Trust', 'Crew', 'USB', 'Alquilado', 23),
(9, '127G', 'HP', 'M50', 'USB', 'Averiado', 29),
(19, '553O', 'Logitech', 'X300', 'USB', 'Disponible', 13),
(13, '066V', 'HP', 'Mist', 'PS/2', 'Disponible', 22),
(16, '033W', 'Logitech', 'Mist', 'PS/2', 'Alquilado', 22),
(10, '730R', 'Equip', 'M3000', 'PS/2', 'Averiado', 4),
(14, '424S', 'Subblim', 'Easy Delta', 'PS/2', 'Disponible', 7),
(20, '683X', 'Hama', 'Mist', 'USB', 'Alquilado', 4),
(11, '688F', 'NGS', 'Business', 'USB', 'Averiado', 25),
(17, '100Z', 'Trust', 'Easy Delta', 'PS/2', 'Averiado', 16),
(21, '759G', 'NGS', 'X500', 'PS/2', 'Disponible', 21),
(18, '381C', 'Trust', 'Flame', 'PS/2', 'Alquilado', 21);

--
-- Inserting data into table portatiles
--
INSERT INTO portatiles(id_portatil, codigo, marca, modelo, procesador, memoria_ram, dispositivo_almacenamiento, capacidad_almacenamiento, estado_alquiler, id_cargador, id_raton, id_almacen) VALUES
(30, '318W', 'Vant', 'Neo', 'Intel I7 Gen 17', 6, 'NVMe', -1985675542, 'Alquilado', 11, 2, 2),
(21, '277S', 'Asus', 'V08 G7 JEM', 'AMD Athlon', 128, 'SSD', -5, 'Averiado', 3, 30, 30),
(18, '678W', 'Samsung', 'Extensa 15 EX215-35', 'Intel I9 Gen 15', 8, 'HDD', -2028645483, 'Disponible', 19, 15, 29),
(15, '704U', 'Acer', 'Modern 15 B44M-207WTRXES', 'Intel I3 Gen 10', 4, 'SSD', -55799660, 'Alquilado', 6, 19, 12),
(29, '244H', 'Toshiba', 'Galaxy Book1', 'Intel I9 Gen 17', 64, 'NVMe', -5247, 'Disponible', 25, 8, 30),
(19, '154D', 'Thomson', '15S-TC0577NS', 'Intel I9 Gen 6', 8, 'HDD', 56, 'Averiado', 25, 15, 20),
(26, '355G', 'Dell', 'Aspire 3 A315-472P-469P', 'AMD Athlon', 48, 'NVMe', -548502773, 'Alquilado', 17, 18, 2),
(23, '395X', 'Realme', 'ThinkPad B669', 'Intel Celeron', 8, 'HDD', -5778, 'Disponible', 10, 26, 10),
(4, '123W', 'Alurin', '15S-FK9478NS', 'Intel I5 Gen 16', 12, 'SSD', -1196577721, 'Averiado', 23, 23, 25),
(13, '604A', 'Razer', 'Netbook', 'Intel Pentium', 48, 'NVMe', 0, 'Averiado', 24, 13, 27),
(10, '941B', 'Huawei', 'Galaxy Book4', 'Intel Pentium', 2, 'SSD', -525215009, 'Alquilado', 8, 26, 10),
(27, '442M', 'Gigabyte', 'Netbook', 'Intel I7 Gen 5', 32, 'HDD', -1115480231, 'Disponible', 22, 20, 10),
(24, '415A', 'Denver', 'NBW-36248NLKHL', 'Intel Pentium', 8, 'HDD', -1722136246, 'Averiado', 12, 24, 24),
(16, '440J', 'Medion', 'Akoya O08491 MD68518', 'Intel Celeron', 24, 'NVMe', -5181, 'Disponible', 8, 5, 8),
(28, '587C', 'Innjoo', 'Netbook', 'AMD Ryzen 3 7819', 32, 'SSD', -1071182725, 'Alquilado', 21, 11, 8),
(1, '017G', 'Primux', 'Galaxy Book6', 'Intel Celeron', 48, 'NVMe', -727104555, 'Averiado', 8, 16, 23),
(25, '694L', 'HP', 'NBE-11992GAPSL', 'Intel Pentium', 48, 'HDD', -473600, 'Disponible', 19, 1, 15),
(14, '259B', 'Lenovo', 'Modern 15 B78M-413WUIXES', 'AMD Athlon', 2, 'SSD', -797955728, 'Alquilado', 16, 25, 8),
(5, '977T', 'MSI', 'Go Start', 'AMD Ryzen 5 4323', 12, 'SSD', -275157130, 'Disponible', 11, 25, 24),
(20, '375Z', 'Microsoft', 'EliteBookm840 G1', 'Intel I7 Gen 5', 4, 'HDD', -7808, 'Alquilado', 18, 10, 28),
(17, '152I', 'LG', 'Netbook', 'Intel Pentium', 128, 'NVMe', -60, 'Averiado', 1, 24, 30),
(22, '465D', 'OEM', 'Aspire 3 A315-199P-677P', 'Intel I3 Gen 7', 2, 'NVMe', -139143462, 'Averiado', 8, 5, 29),
(11, '415V', 'Prixton', 'LT100E', 'Intel I9 Gen 6', 4, 'SSD', -355674293, 'Disponible', 6, 14, 18),
(8, '249T', 'Polaroid', 'NBW-34757HMPHT', 'Intel Pentium', 12, 'HDD', 789, 'Alquilado', 9, 14, 18),
(2, '813A', 'Asus', 'Galaxy Book4', 'AMD Athlon', 16, 'NVMe', -199293957, 'Averiado', 17, 9, 30),
(12, '417I', 'Samsung', 'Latitude 9822', 'AMD Athlon', 2, 'SSD', -1034116070, 'Alquilado', 24, 29, 24),
(9, '651M', 'Toshiba', 'Extensa 15 EX215-20', 'Intel Celeron', 32, 'HDD', -422427541, 'Disponible', 9, 15, 24),
(6, '171I', 'Huawei', 'Vivobook 3A8Q', 'Intel I5 Gen 5', 32, 'SSD', -8, 'Averiado', 14, 29, 2),
(3, '342D', 'Vant', 'EliteBookm840 G7', 'Intel Pentium', 16, 'HDD', -308872037, 'Disponible', 23, 17, 7),
(7, '895W', 'Acer', 'Akoya R40152 MD27315', 'AMD Ryzen 5 4177', 6, 'NVMe', -1701172441, 'Alquilado', 13, 14, 6);

--
-- Inserting data into table alumnos
--
INSERT INTO alumnos(id_alumno, dni, nombre, apellidos, curso, aula, turno, estado_matricula, id_portatil, id_cargador, id_raton) VALUES
(9, '6522190M', 'Craig', 'Baumann', 'Segundo curso de Servicios Administrativos', '868K', 'Tarde', 'No matriculado', 23, 25, 7),
(13, '6342972L', 'Sean', 'Renteria', 'Segundo curso de Administración y Finanzas', '802X', 'Mañana', 'Matriculado', 21, 20, 14),
(29, '9047045W', 'Christie', 'Neeley', 'Segundo curso de Integración Social', '629Q', 'Tarde', 'No matriculado', 26, 10, 27),
(30, '5459056Y', 'Shemeka', 'Reyes', 'Segundo curso de Desarrollo de Aplicaciones Web', '839T', 'Mañana', 'Matriculado', 30, 11, 30),
(3, '2571398G', 'Leslie', 'Mathews', 'Segundo curso de Educación Infantil', '827Z', 'Tarde', 'Matriculado', 24, 3, 2),
(10, '7975849G', 'Steve', 'Keenan', 'Primer curso de Gestión Administrativa', '592O', 'Mañana', 'No matriculado', 25, 23, 14),
(7, '7516873N', 'Erasmo', 'Neely', 'Primer curso de Desarrollo de Aplicaciones Web', '352Q', 'Tarde', 'No matriculado', 18, 9, 12),
(14, '8854102F', 'Edwin', 'Galindo', 'Segundo curso de Documentación y Administración Sanitarias', '809E', 'Mañana', 'Matriculado', 26, 24, 13),
(28, '9572698H', 'Moses', 'Cary', 'Primer curso de Desarrollo de Aplicaciones Multiplataforma', '196R', 'Tarde', 'No matriculado', 30, 18, 14),
(25, '2325916F', 'Clement', 'Reyna', 'Primer curso de Informática y Comunicaciones', '432Q', 'Mañana', 'Matriculado', 27, 17, 3),
(22, '8815713C', 'Candace', 'Mathis', 'Primer curso de Cuidados Auxiliares de Enfermería', '450Y', 'Mañana', 'Matriculado', 30, 11, 11),
(11, '2093895F', 'Allen', 'Delacruz', 'Primer curso de Documentación y Administración Sanitarias', '498W', 'Tarde', 'No matriculado', 23, 21, 27),
(8, '2299494T', 'Kelley', 'Baumgartner', 'Segundo curso de Administración de Sistemas Informáticos en Red', '895N', 'Mañana', 'No matriculado', 28, 11, 6),
(12, '6016045P', 'Terrie', 'Casas', 'Primer curso de Sistemas Microinformáticos y Redes', '046X', 'Tarde', 'Matriculado', 5, 19, 25),
(16, '1199932B', 'Porter', 'Neff', 'Primer curso de Integración Social', '112R', 'Mañana', 'No matriculado', 3, 22, 26),
(20, '5861219F', 'Monet', 'Keene', 'Segundo curso de Gestión Administrativa', '952L', 'Tarde', 'Matriculado', 20, 20, 15),
(4, '9873445Y', 'Geraldo', 'Gallagher', 'Primer curso de Educación Infantil', '840G', 'Tarde', 'Matriculado', 22, 6, 13),
(17, '9744689Y', 'Dallas', 'Bautista', 'Segundo curso de Sistemas Microinformáticos y Redes', '640K', 'Mañana', 'No matriculado', 21, 16, 29),
(1, '4459285U', 'Jacob', 'Case', 'Primer curso de Administración y Finanzas', '939N', 'Mañana', 'No matriculado', 30, 4, 24),
(21, '0615084Z', 'Barb', 'Reynolds', 'Segundo curso de Desarrollo de Aplicaciones Multiplataforma', '007O', 'Tarde', 'Matriculado', 25, 30, 1),
(18, '4433639P', 'Abigail', 'Delagarza', 'Primer curso de Servicios Administrativos', '616J', 'Mañana', 'No matriculado', 25, 2, 1),
(26, '0920843E', 'Shan', 'Baxley', 'Primer curso de Administración de Sistemas Informáticos en Red', '223I', 'Tarde', 'Matriculado', 16, 18, 20),
(5, '4177652D', 'Leta', 'Casey', 'Segundo curso de Informática y Comunicaciones', '989E', 'Tarde', 'Matriculado', 1, 11, 12),
(15, '7278927R', 'Korey', 'Negrete', 'Segundo curso de Administración y Finanzas', '694A', 'Mañana', 'No matriculado', 15, 10, 15),
(23, '8384933D', 'Amiee', 'Reynoso', 'Segundo curso de Documentación y Administración Sanitarias', '772F', 'Mañana', 'No matriculado', 15, 16, 23),
(19, '2411546R', 'Lucy', 'Wagoner', 'Primer curso de Cuidados Auxiliares de Enfermería', '294U', 'Tarde', 'Matriculado', 15, 9, 23),
(2, '2298749A', 'Arron', 'Gallant', 'Primer curso de Documentación y Administración Sanitarias', '671M', 'Tarde', 'Matriculado', 17, 11, 29),
(6, '1695363V', 'Dominga', 'Baxter', 'Segundo curso de Integración Social', '657V', 'Mañana', 'No matriculado', 12, 24, 28),
(27, '9860377H', 'Dylan', 'Cash', 'Segundo curso de Educación Infantil', '046U', 'Tarde', 'Matriculado', 10, 6, 15),
(24, '0358110I', 'Johnie', 'Delarosa', 'Segundo curso de Administración de Sistemas Informáticos en Red', '810S', 'Mañana', 'No matriculado', 10, 3, 20);

--
-- Inserting data into table aplicaciones_instaladas
--
INSERT INTO aplicaciones_instaladas(id_aplicacion, aplicacion, id_portatil) VALUES
(2, 'Word', 19),
(30, 'Photoshop', 20),
(6, 'Figma', 24),
(10, 'Audacity', 25),
(21, 'Visual Studio', 13),
(14, 'Edge', 16),
(22, 'Illustrator', 18),
(11, 'Git', 26),
(8, 'VLC', 15),
(26, 'Acrobat reader', 10),
(23, 'Xampp', 30),
(27, 'Dia', 23),
(24, 'WinRAR', 26),
(18, 'PowerPoint', 18),
(15, 'Eclipse', 11),
(28, 'Illustrator', 15),
(12, 'Unity', 27),
(29, 'Contasol', 4),
(9, 'Word', 29),
(13, 'Gimp', 17),
(3, 'PowerPoint', 21),
(7, 'VirtualBox', 8),
(4, 'WinRAR', 19),
(25, 'VLC', 29),
(1, 'Google Chrome', 14),
(5, 'Xampp', 21),
(19, 'dbForge', 28),
(16, 'Visual Studio Code', 5),
(20, 'Excel', 22),
(17, 'Notepad++', 1);