{
    "vehiculos": [
        {
            "modelo": "Ford Fiesta",
            "matricula": "2891IAY",
            "precio": 8000.0
        },
        {
            "modelo": "Opel Astra",
            "matricula": "7835DJT",
            "precio": 3200.0
        },
        {
            "modelo": "Peugeot 405",
            "matricula": "8482KCO",
            "precio": 3500.75
        },
        {
            "modelo": "Citroen C302",
            "matricula": "8839DPW",
            "precio": 1725.93
        },
        {
            "modelo": "Tesla Model Y",
            "matricula": "5448MKS",
            "precio": 23054.31
        }
    ]
}